<?xml version="1.0" encoding="utf-8"?>
<Dependencies>
  <ToolsetDependencies>
    <Dependency Name="Microsoft.DotNet.Arcade.Sdk" Version="6.0.0-beta.22458.2">
      <Uri>https://github.com/dotnet/arcade</Uri>
      <Sha>6812704fe5a1baead5da5c1c8bf723752ab728b5</Sha>
      <SourceBuild RepoName="arcade" ManagedOnly="true" />
    </Dependency>
    <Dependency Name="NuGet.Build.Tasks" Version="6.4.0-preview.3.107">
      <Uri>https://github.com/nuget/nuget.client</Uri>
      <Sha>1a082949ae5b6da7ca2cce047396c53ae1afdde7</Sha>
    </Dependency>
    <Dependency Name="Microsoft.Net.Compilers.Toolset" Version="4.4.0-2.22458.3">
      <Uri>https://github.com/dotnet/roslyn</Uri>
      <Sha>85f9dbfea5955ec9cdad3417dba40034da74fb93</Sha>
    </Dependency>
    <Dependency Name="Microsoft.DotNet.XUnitExtensions" Version="6.0.0-beta.22458.2">
      <Uri>https://github.com/dotnet/arcade</Uri>
      <Sha>6812704fe5a1baead5da5c1c8bf723752ab728b5</Sha>
    </Dependency>
  </ToolsetDependencies>
</Dependencies>
